Preprocessing,Silhouette,Calinski-Harabasz,Davies-Bouldin
Original,0.5890020316821839,5192.92584163815,0.5070762083917733
Normalized,0.4188514055727492,1315.9790557421045,1.007249236945782
Transformed,0.6866509823471888,6475.972028340145,0.5082404757093334
Normalized + Transformed,0.6866509823471887,6475.972028340145,0.5082404757093334
Normalized + Transformed + PCA,0.6866509823462813,6475.9720283401575,0.5082404757093311
